,City,Latitude,Longitude,Max Temperature,Humidity,Cloudiness,Wind Speed,Country,Date
0,Punta Arenas,-53.15,-70.9167,51.91,50,40,42.57,CL,1662743287
1,Goderich,43.7501,-81.7165,74.91,56,0,9.04,CA,1662743288
2,Sumbe,-11.2061,13.8437,72.37,84,33,6.58,AO,1662743290
3,Chapais,49.7834,-74.8492,77.67,38,71,12.5,CA,1662743292
4,Sitka,57.0531,-135.33,57.09,82,100,4.61,US,1662743293
5,Aripuanã,-9.1667,-60.6333,104.41,23,25,3.06,BR,1662743295
6,Qaanaaq,77.484,-69.3632,34.72,55,3,4.23,GL,1662743297
7,Uarini,-2.99,-65.1083,94.46,42,73,4.07,BR,1662743298
8,Keuruu,62.2667,24.7,50.81,75,54,3.49,FI,1662743300
9,Port Hardy,50.6996,-127.4199,51.98,100,100,4.61,CA,1662743301
10,Nanortalik,60.1432,-45.2371,45.93,79,92,3.89,GL,1662743303
11,Varaždin,46.3044,16.3378,70.81,26,51,1.3,HR,1662743305
12,Kingsport,36.5484,-82.5618,82.36,62,40,4.61,US,1662743210
13,Busselton,-33.65,115.3333,51.53,91,1,7.7,AU,1662743308
14,Saint-Philippe,-21.3585,55.7679,69.39,78,41,11.9,RE,1662743310
15,Port Blair,11.6667,92.75,81.63,80,100,13.82,IN,1662743146
16,Rikitea,-23.1203,-134.9692,72.21,65,25,21.72,PF,1662743313
17,Pisco,-13.7,-76.2167,64.45,68,0,10.36,PE,1662743315
18,Mataura,-46.1927,168.8643,37.94,98,86,2.59,NZ,1662743316
19,Carnarvon,-24.8667,113.6333,64.69,72,15,15.08,AU,1662743318
20,Ancud,-41.8697,-73.8203,51.22,85,87,5.28,CL,1662743320
21,Mercedes,-34.6515,-59.4307,57.94,32,7,14.72,AR,1662743131
22,Saskylakh,71.9167,114.0833,40.28,98,100,6.38,RU,1662743323
23,Guabito,9.5,-82.6167,87.06,64,100,4.16,PA,1662743324
24,Harper,4.375,-7.7169,78.93,72,57,10.4,LR,1662743326
25,Kruisfontein,-34.0033,24.7314,64.89,93,0,3.65,ZA,1662743327
26,Batemans Bay,-35.7167,150.1833,54.1,86,92,4.81,AU,1662743134
27,Vaini,-21.2,-175.2,73.56,88,75,6.91,TO,1662743331
28,Cabo San Lucas,22.8909,-109.9124,88.61,81,40,9.22,MX,1662743301
29,Cidreira,-30.1811,-50.2056,80.37,54,95,9.26,BR,1662743334
30,Hobart,-42.8794,147.3294,55.26,94,100,5.75,AU,1662743336
31,Constitución,-35.3333,-72.4167,56.07,51,0,12.33,CL,1662743337
32,Kapaa,22.0752,-159.319,75.18,91,40,3.44,US,1662743339
33,Taree,-31.9,152.4667,51.12,100,40,2.3,AU,1662743341
34,Ushuaia,-54.8,-68.3,47.86,66,40,18.41,AR,1662743237
35,Atuona,-9.8,-139.0333,75.22,83,49,22.97,PF,1662743345
36,Novikovo,51.1537,37.8879,48.02,49,29,7.76,RU,1662743346
37,Aksu,41.1231,80.2644,80.8,19,57,2.21,CN,1662743348
38,Bengkulu,-3.8004,102.2655,76.75,85,100,4.16,ID,1662743350
39,Auki,-8.7676,160.7034,75.54,89,87,4.16,SB,1662743351
40,Hithadhoo,-0.6,73.0833,81.86,71,20,10.11,MV,1662743353
41,George Town,5.4112,100.3354,80.89,81,20,0.0,MY,1662743154
42,Provideniya,64.3833,-173.3,42.64,83,5,7.29,RU,1662743357
43,Nhulunbuy,-12.2333,136.7667,74.01,94,40,3.44,AU,1662743358
44,Challans,46.8436,-1.8749,68.2,72,20,16.84,FR,1662743360
45,Puerto Nariño,-3.7703,-70.3831,94.32,45,73,0.09,CO,1662743362
46,Rosa Zarate,0.3333,-79.4667,86.52,54,90,4.43,EC,1662743363
47,Korla,41.7597,86.1469,81.77,17,1,1.32,CN,1662743365
48,Beloha,-25.1667,45.05,67.87,67,0,14.47,MG,1662743367
49,Faanui,-16.4833,-151.75,78.35,75,3,21.34,PF,1662743368
50,Namatanai,-3.6667,152.4333,78.46,78,98,7.29,PG,1662743370
51,Pombia,45.653,8.6336,79.86,56,0,4.61,IT,1662743372
52,Bambous Virieux,-20.3428,57.7575,71.22,71,36,15.17,MU,1662743373
53,Caravelas,-17.7125,-39.2481,78.4,50,16,10.74,BR,1662743375
54,East London,-33.0153,27.9116,66.67,80,2,4.5,ZA,1662743376
55,Hilo,19.7297,-155.09,77.61,87,100,5.75,US,1662743378
56,Tura,25.5198,90.2201,75.87,91,83,3.58,IN,1662743380
57,Airai,-8.9266,125.4092,57.83,67,4,1.52,TL,1662743381
58,Nikolskoye,59.7035,30.7861,49.91,71,19,3.29,RU,1662743383
59,Fortuna,40.5982,-124.1573,65.98,88,0,3.44,US,1662743169
60,Saint Paul Harbor,57.79,-152.4072,56.71,51,0,17.27,US,1662743386
61,Pemba,-12.974,40.5178,75.25,76,0,12.26,MZ,1662743387
62,Wanning,18.8003,110.3967,80.06,87,83,4.79,CN,1662743389
63,Paita,-5.0892,-81.1144,70.63,67,66,12.48,PE,1662743391
64,Butaritari,3.0707,172.7902,81.45,74,99,12.35,KI,1662743392
65,Kamenka,51.3223,42.7678,45.73,68,60,8.21,RU,1662743394
66,Anadyr,64.75,177.4833,41.49,80,54,7.78,RU,1662743396
67,Severo-Kuril'sk,50.6789,156.125,52.03,95,64,11.34,RU,1662743398
68,Nantucket,41.2835,-70.0995,77.14,55,0,17.27,US,1662743353
69,Boa Vista,2.8197,-60.6733,84.18,60,75,13.8,BR,1662743153
70,Peniche,39.3558,-9.3811,77.07,89,18,9.78,PT,1662743402
71,Otane,-39.8833,176.6333,48.0,96,100,1.83,NZ,1662743404
72,Thinadhoo,0.5333,72.9333,82.09,74,9,11.65,MV,1662743406
73,Oranjestad,12.524,-70.027,87.75,79,40,20.71,AW,1662743354
74,Emerald,-23.5333,148.1667,59.36,48,10,4.54,AU,1662743144
75,Lokoja,7.8024,6.743,79.52,85,99,3.06,NG,1662743411
76,Geraldton,-28.7667,114.6,48.61,93,1,5.75,AU,1662743413
77,Tasiilaq,65.6145,-37.6368,50.16,62,17,4.54,GL,1662743415
78,Dingle,10.9995,122.6711,75.43,91,100,2.21,PH,1662743417
79,Coyhaique,-45.5752,-72.0662,53.55,54,75,9.22,CL,1662743418
80,Yellowknife,62.456,-114.3525,44.56,70,21,13.0,CA,1662743420
81,Albany,42.6001,-73.9662,79.66,63,0,3.78,US,1662743422
82,Kirakira,-10.4544,161.9205,78.42,83,29,6.67,SB,1662743423
83,Grindavik,63.8424,-22.4338,53.55,100,100,10.36,IS,1662743425
84,Cherskiy,68.75,161.3,51.6,70,100,12.39,RU,1662743427
85,Pevek,69.7008,170.3133,41.25,70,10,16.93,RU,1662743429
86,Okhotsk,59.3833,143.3,48.7,69,76,10.38,RU,1662743430
87,Tapes,-30.6733,-51.3958,79.63,61,91,13.38,BR,1662743432
88,Barrow,71.2906,-156.7887,39.22,75,0,21.85,US,1662743434
89,Erzin,36.9559,36.2,78.57,42,0,3.6,TR,1662743435
90,Thompson,55.7435,-97.8558,48.29,62,100,12.91,CA,1662743437
91,Jiangyou,31.7667,104.7167,66.24,92,32,1.59,CN,1662743438
92,Vardø,70.3705,31.1107,48.18,87,75,6.91,NO,1662743440
93,Norman Wells,65.282,-126.8329,50.49,63,62,9.78,CA,1662743442
94,Batagay-Alyta,67.8006,130.4114,38.01,90,100,3.2,RU,1662743443
95,Ilulissat,69.2167,-51.1,46.42,71,75,1.14,GL,1662743445
96,Yershov,51.3513,48.2766,51.24,64,97,12.3,RU,1662743447
97,Palmer,42.1584,-72.3287,79.41,50,20,0.0,US,1662743448
98,Tuktoyaktuk,69.4541,-133.0374,42.51,79,100,17.72,CA,1662743450
99,Nautla,20.2167,-96.7833,82.15,68,100,1.59,MX,1662743452
100,Senanga,-16.1167,23.2667,76.73,17,1,6.02,ZM,1662743453
101,Arlit,18.7369,7.3853,102.27,11,38,6.24,NE,1662743455
102,Soyo,-6.1349,12.3689,74.08,84,73,7.94,AO,1662743456
103,Saint George,37.1041,-113.5841,89.44,29,0,1.99,US,1662743308
104,New Norfolk,-42.7826,147.0587,54.9,80,100,2.55,AU,1662743460
105,Havelock,34.8791,-76.9013,82.98,75,70,3.0,US,1662743461
106,Jamestown,42.097,-79.2353,78.03,62,75,8.05,US,1662743355
107,Khatanga,71.9667,102.5,34.2,97,100,7.83,RU,1662743464
108,Pirae,-17.5167,-149.5333,73.42,83,20,3.44,PF,1662743466
109,Saint-Louis,16.3333,-15.0,98.04,36,83,3.83,SN,1662743468
110,Port Alfred,-33.5906,26.891,65.17,88,20,6.55,ZA,1662743470
111,Varėna,54.2167,24.5667,57.79,37,100,10.22,LT,1662743472
112,Bonthe,7.5264,-12.505,81.07,69,64,9.75,SL,1662743473
113,Inhambane,-23.865,35.3833,67.14,78,0,8.25,MZ,1662743476
114,Esim,4.8699,-2.2405,77.05,80,40,10.8,GH,1662743478
115,Wahiawā,21.5028,-158.0236,70.21,90,100,5.75,US,1662743481
116,Seoul,37.5683,126.9778,69.24,57,80,3.44,KR,1662743336
117,Wajir,1.7471,40.0573,86.25,36,81,23.51,KE,1662743484
118,Khovd,48.0056,91.6419,58.19,50,36,4.36,MN,1662743486
119,Bethel,41.3712,-73.414,81.18,47,0,6.91,US,1662743488
120,Yeppoon,-23.1333,150.7333,64.18,95,1,7.31,AU,1662743490
121,Nemuro,43.3236,145.575,63.03,86,29,10.92,JP,1662743492
122,Hervey Bay,-25.2986,152.8535,64.0,90,59,8.08,AU,1662743271
123,Gaza,31.5,34.4667,82.89,59,0,12.06,PS,1662743495
124,Bairnsdale,-37.8333,147.6167,50.81,94,100,3.31,AU,1662743497
125,Mananjary,-21.2167,48.3333,68.05,79,0,5.73,MG,1662743498
126,Hamilton,39.1834,-84.5333,83.98,65,20,8.05,US,1662743500
127,Kamaishi,39.2667,141.8833,68.45,85,100,5.64,JP,1662743502
128,Ponta do Sol,32.6667,-17.1,80.01,93,50,1.23,PT,1662743503
129,Hermanus,-34.4187,19.2345,57.79,78,0,3.6,ZA,1662743505
130,Strezhevoy,60.7333,77.5889,39.65,96,100,1.77,RU,1662743506
131,Henties Bay,-22.116,14.2845,59.32,75,4,8.59,NA,1662743508
132,Cape Town,-33.9258,18.4232,62.28,73,0,11.5,ZA,1662743510
133,Sangar,63.9242,127.4739,42.94,92,100,9.6,RU,1662743511
134,Bluff,-46.6,168.3333,43.5,83,90,6.33,NZ,1662743513
135,Wakkanai,45.4094,141.6739,62.58,52,0,2.08,JP,1662743515
136,Chui,-33.6971,-53.4616,51.91,81,100,16.42,UY,1662743516
137,Mnogovershinnyy,53.9353,139.9242,46.92,60,53,8.3,RU,1662743518
138,Cayenne,4.9333,-52.3333,87.84,66,75,9.22,GF,1662743520
139,Alice Springs,-23.7,133.8833,57.22,26,6,0.0,AU,1662743521
140,Fort Nelson,58.8053,-122.7002,47.79,66,75,5.75,CA,1662743523
141,Cerro Gordo,43.0833,-93.2669,76.82,68,20,9.71,US,1662743524
142,Grabouw,-34.1515,19.0151,58.48,77,0,4.0,ZA,1662743526
143,Seymchan,62.8833,152.4333,46.72,93,100,3.47,RU,1662743528
144,Talnakh,69.4865,88.3972,38.21,100,100,3.74,RU,1662743529
145,Lorengau,-2.0226,147.2712,81.03,75,34,8.48,PG,1662743531
146,Flinders,-34.5833,150.8552,58.37,79,81,4.0,AU,1662743533
147,Fuerte Olimpo,-21.0415,-57.8738,105.89,15,3,13.85,PY,1662743534
148,Ati,13.2154,18.3353,89.15,51,58,6.76,TD,1662743536
149,Agadir,30.4202,-9.5982,77.45,58,43,4.32,MA,1662743537
150,Torbay,47.6666,-52.7314,61.29,72,75,11.5,CA,1662743539
151,Hong Kong,22.2855,114.1577,86.18,71,15,4.16,HK,1662742829
152,Ribeira Grande,38.5167,-28.7,77.4,78,75,21.85,PT,1662743542
153,Klaksvík,62.2266,-6.589,52.72,88,37,7.67,FO,1662743544
154,Kudahuvadhoo,2.6708,72.8944,82.58,74,100,12.35,MV,1662743545
155,Lompoc,34.6391,-120.4579,91.78,47,0,1.01,US,1662743423
156,Dalbandin,28.8947,64.4101,91.81,13,0,4.27,PK,1662743548
157,Kamina,-8.7386,24.9906,75.36,23,28,4.99,CD,1662743550
158,Wangqing,43.3218,129.7634,57.38,94,0,2.46,CN,1662743552
159,Nuevo Progreso,23.1667,-97.95,88.54,60,100,3.0,MX,1662743553
160,Nouadhibou,20.931,-17.0347,78.78,73,42,13.8,MR,1662743555
161,Najrān,17.4924,44.1277,85.33,16,29,7.29,SA,1662743556
162,Raja,8.4596,25.678,72.28,94,93,3.42,SS,1662743558
163,Guerrero Negro,27.9769,-114.0611,76.12,78,100,9.98,MX,1662743560
164,Mahébourg,-20.4081,57.7,71.26,73,40,9.22,MU,1662743561
165,Al Bardīyah,31.7561,25.0865,78.04,56,0,9.01,LY,1662743563
166,Tahoua,14.8888,5.2692,84.18,70,20,6.91,NE,1662743564
167,Abu Samrah,35.3029,37.1841,88.03,20,0,3.91,SY,1662743566
168,Kupang,-10.1667,123.5833,74.68,84,19,5.1,ID,1662743568
169,Castro,-24.7911,-50.0119,80.24,44,28,11.52,BR,1662743569
170,Port-Gentil,-0.7193,8.7815,78.76,78,40,12.66,GA,1662743571
171,Codrington,-38.2667,141.9667,51.21,84,96,20.45,AU,1662743572
172,Salalah,17.0151,54.0924,78.89,89,40,3.44,OM,1662743574
173,Port Augusta,-32.5,137.7667,48.83,91,12,4.29,AU,1662743576
174,Makubetsu,45.3714,141.8211,58.32,58,0,0.83,JP,1662743577
175,Digkilaan,8.2511,124.3172,72.66,90,100,3.11,PH,1662743579
176,Olafsvik,64.8945,-23.7142,52.75,85,100,3.6,IS,1662743581
177,Alfeld,51.9838,9.8199,71.58,63,83,3.0,DE,1662743583
178,Puerto Ayora,-0.7393,-90.3518,71.56,91,98,5.01,EC,1662743585
179,Regeneração,-6.2378,-42.6883,100.42,18,2,6.73,BR,1662743587
180,Kununurra,-15.7667,128.7333,75.18,73,40,6.91,AU,1662743589
181,Olinda,-8.0089,-34.8553,80.33,61,40,9.22,BR,1662743319
182,Formosa,-26.1775,-58.1781,68.61,59,51,12.3,AR,1662743592
183,North Myrtle Beach,33.816,-78.68,80.38,77,0,9.22,US,1662743336
184,Reconquista,-29.15,-59.65,68.54,32,2,16.69,AR,1662743412
185,Alta Floresta,-9.8756,-56.0861,103.68,17,2,3.78,BR,1662743597
186,Chiknāyakanhalli,13.4172,76.6228,70.16,89,100,12.01,IN,1662743599
187,Penzance,50.1186,-5.5371,67.77,82,20,13.8,GB,1662743601
188,Upata,8.0086,-62.3989,86.23,52,20,6.93,VE,1662743602
189,Kahului,20.8947,-156.47,78.84,87,75,8.05,US,1662743604
190,Benguela,-12.5763,13.4055,72.79,82,42,6.67,AO,1662743606
191,Lüderitz,-26.6481,15.1594,60.89,74,0,15.75,NA,1662743607
192,Simpang,-1.2667,104.0833,73.85,96,99,1.48,ID,1662743609
193,Pitimbu,-7.4706,-34.8086,82.99,59,39,11.01,BR,1662743611
194,Boundiali,9.5217,-6.4869,74.35,91,100,3.42,CI,1662743613
195,Luena,-11.7833,19.9167,74.37,21,93,5.77,AO,1662743614
196,Vao,-22.6667,167.4833,71.64,83,100,10.96,NC,1662743616
197,Sittwe,20.15,92.9,81.77,83,100,14.03,MM,1662743617
198,Shimoda,34.6667,138.95,74.1,87,100,12.95,JP,1662743619
199,Lagos,6.5833,3.75,78.75,83,80,7.29,NG,1662743446
200,Gushikawa,26.3544,127.8686,81.63,89,0,4.61,JP,1662743622
201,Corn Island,12.1694,-83.0418,83.16,70,97,3.24,NI,1662743624
202,Saldanha,-33.0117,17.9442,57.47,92,0,16.75,ZA,1662743626
203,Esmeraldas,-19.7625,-44.3139,91.51,20,1,3.87,BR,1662743627
204,Padang,-0.9492,100.3543,77.13,83,100,3.98,ID,1662743629
205,Srednekolymsk,67.45,153.6833,43.68,89,100,9.46,RU,1662743631
206,Kiryat Gat,31.61,34.7642,83.39,11,0,11.16,IL,1662743632
207,Bayburt,40.2589,40.2278,54.39,63,0,2.91,TR,1662743634
208,Makkah al Mukarramah,21.4267,39.8261,93.38,31,6,2.15,SA,1662743635
209,Marovoay,-16.1,46.6333,77.18,31,36,5.03,MG,1662743637
210,Talara,-4.5772,-81.2719,72.36,64,0,24.16,PE,1662743639
211,Pouébo,-20.4,164.5667,70.48,80,62,8.37,NC,1662743640
212,Santo Domingo,18.5001,-69.9886,91.08,70,40,11.5,DO,1662743360
213,Bullhead City,35.1478,-114.5683,92.62,39,75,11.5,US,1662743644
214,Coahuayana Viejo,18.7333,-103.6833,82.76,85,99,2.57,MX,1662743646
215,Khandyga,62.6667,135.6,44.62,97,100,5.75,RU,1662743648
216,Bubaque,11.2833,-15.8333,78.53,82,84,16.69,GW,1662743649
217,Hirado,33.3597,129.5531,74.39,87,96,20.18,JP,1662743651
218,Broome,42.2506,-75.833,79.66,58,0,5.75,US,1662743653
219,Sibolga,1.7427,98.7792,78.26,80,100,2.57,ID,1662743654
220,Coquimbo,-29.9533,-71.3436,60.53,63,0,12.66,CL,1662743656
221,Lhokseumawe,5.1801,97.1507,78.1,84,77,4.25,ID,1662743658
222,Vrangel',42.7297,133.0839,63.39,83,0,5.48,RU,1662743660
223,Qeshm,26.9581,56.2719,87.69,74,3,10.2,IR,1662743661
224,Nyurba,63.2842,118.3319,39.69,69,100,15.64,RU,1662743663
225,Katsuura,35.1333,140.3,75.96,86,99,16.02,JP,1662743665
226,Taltal,-25.4,-70.4833,60.67,63,9,6.13,CL,1662743667
227,Buala,-8.145,159.5921,79.16,84,80,8.19,SB,1662743669
228,Tiksi,71.6872,128.8694,40.6,82,100,16.98,RU,1662743670
229,Kloulklubed,7.0419,134.2556,75.7,68,11,3.96,PW,1662743672
230,General Roca,-39.0333,-67.5833,63.63,21,0,12.5,AR,1662743674
231,Bobo-Dioulasso,11.1771,-4.2979,82.85,69,20,9.22,BF,1662743675
232,Verāval,20.9,70.3667,82.54,89,86,8.57,IN,1662743677
233,Dunedin,-45.8742,170.5036,43.81,83,17,1.99,NZ,1662743470
234,Štětí,50.453,14.3742,67.64,60,98,4.97,CZ,1662743680
235,Mayo,38.8876,-76.5119,82.94,58,20,5.99,US,1662743682
236,Quatre Cocos,-20.2078,57.7625,71.1,72,37,15.17,MU,1662743683
237,Uglovoye,44.8215,33.6045,69.03,59,82,1.25,UA,1662743685
238,Port Hedland,-20.3167,118.5667,68.05,73,38,11.5,AU,1662743687
239,Mastic Beach,40.7668,-72.8521,79.11,67,0,7.0,US,1662743465
240,Baharly,38.4362,57.4316,84.74,30,31,5.01,TM,1662743690
241,Burnie,-41.0667,145.9167,50.94,84,100,6.35,AU,1662743691
242,Hanyang,32.1371,105.5126,62.4,92,70,1.74,CN,1662743693
243,Berlevåg,70.8578,29.0864,48.2,87,75,17.27,NO,1662743694
244,Longyearbyen,78.2186,15.6401,40.84,93,75,3.44,SJ,1662743696
245,Belaya Gora,68.5333,146.4167,41.07,90,100,5.3,RU,1662743698
246,Lagoa,39.05,-27.9833,74.01,75,88,21.27,PT,1662743699
247,Pangoa,-12.1167,-73.0,87.76,38,33,5.5,PE,1662743701
248,Batamshinskiy,50.5594,58.2747,55.02,38,100,6.53,KZ,1662743703
249,Hammerfest,70.6634,23.6821,46.85,100,75,17.27,NO,1662743705
250,Todos Santos,23.45,-110.2167,79.66,90,95,5.5,MX,1662743707
251,Sisophon,13.5859,102.9737,78.01,90,99,4.85,KH,1662743709
252,Saint-Pierre,-21.3393,55.4781,69.91,68,75,3.44,RE,1662743710
253,Pacific Grove,36.6177,-121.9166,75.42,87,0,8.99,US,1662743712
254,Øksfjord,70.2396,22.3479,50.07,93,100,7.27,NO,1662743714
255,Requena,39.4883,-1.1004,78.78,32,70,6.13,ES,1662743715
256,Bakel,14.905,-12.4568,92.62,50,67,8.23,SN,1662743717
257,Hobyo,5.3505,48.5268,76.39,85,99,24.79,SO,1662743719
258,Bitung,1.4451,125.1824,77.85,83,53,6.8,ID,1662743720
259,Kavaratti,10.5669,72.642,79.95,85,42,19.64,IN,1662743722
260,Arraial do Cabo,-22.9661,-42.0278,85.96,57,0,17.27,BR,1662743724
261,Vestmannaeyjar,63.4427,-20.2734,52.79,100,75,21.85,IS,1662743725
262,Udachny,66.4167,112.4,35.46,93,100,23.55,RU,1662743727
263,Lobito,-12.3481,13.5456,72.23,85,48,5.3,AO,1662743729
264,Machilipatnam,16.1667,81.1333,77.18,92,100,7.02,IN,1662743731
265,Adré,13.4667,22.2,74.16,80,89,6.15,TD,1662743732
266,Dudinka,69.4058,86.1778,38.62,96,100,8.86,RU,1662743735
267,Muros,42.7762,-9.0603,79.68,64,52,5.28,ES,1662743736
268,Bereslavka,48.6254,44.0449,54.37,48,35,10.6,RU,1662743738
269,Baykit,61.67,96.37,42.26,94,100,6.76,RU,1662743740
270,Makakilo City,21.3469,-158.0858,72.01,91,100,5.75,US,1662743741
271,Alexandria,31.2156,29.9553,80.17,66,0,12.06,EG,1662743724
272,Puerto Gaitán,4.3133,-72.0816,83.52,70,91,1.32,CO,1662743744
273,Lebu,-37.6167,-73.65,51.84,60,1,16.08,CL,1662743746
274,Atar,20.5169,-13.0499,105.06,19,21,11.9,MR,1662743747
275,Chara,56.9064,118.2631,47.97,68,100,5.59,RU,1662743749
276,Feira de Santana,-12.2667,-38.9667,77.88,56,84,9.53,BR,1662743519
277,Avarua,-21.2078,-159.775,69.85,94,20,2.3,CK,1662743752
278,Acaraú,-2.8856,-40.12,87.28,54,6,19.82,BR,1662743570
279,Conde,-7.2597,-34.9075,81.86,61,20,12.66,BR,1662743755
280,Kimbe,-5.5502,150.1429,73.92,91,94,4.07,PG,1662743757
281,Vila Franca do Campo,37.7167,-25.4333,77.41,92,99,17.11,PT,1662743758
282,Mar del Plata,-38.0023,-57.5575,48.94,72,75,20.71,AR,1662743760
283,Devonport,-41.1667,146.35,51.01,81,100,5.86,AU,1662743762
284,Petropavlovka,50.6114,105.3196,52.81,73,71,6.58,RU,1662743764
285,Alausí,-2.2,-78.8333,61.16,51,75,7.31,EC,1662743766
286,Bredasdorp,-34.5322,20.0403,53.13,80,1,3.85,ZA,1662743745
287,San Cristobal,7.7669,-72.225,89.78,45,76,8.01,VE,1662743769
288,Porto-Novo,6.4965,2.6036,80.42,73,82,10.33,BJ,1662743771
289,Guanaja,16.4,-85.9,83.19,78,100,6.08,HN,1662743772
290,Jardim,-21.4803,-56.1381,100.72,19,1,13.24,BR,1662743774
291,Skegness,53.1436,0.3363,68.07,76,98,14.65,GB,1662743776
292,Dekernes,31.0876,31.595,76.26,70,0,7.49,EG,1662743778
293,Bonavista,48.6499,-53.1147,57.67,59,95,10.71,CA,1662743780
294,Kavieng,-2.5744,150.7967,81.72,73,84,10.49,PG,1662743782
295,Kerchevskiy,59.946,56.2884,37.02,87,78,4.16,RU,1662743784
296,Serra,-20.1286,-40.3078,81.86,51,0,18.41,BR,1662743785
297,Honchō,41.8833,140.6833,63.32,84,0,4.65,JP,1662743787
298,Smithers,54.7804,-127.1743,44.92,87,0,4.61,CA,1662743789
299,Chokurdakh,70.6333,147.9167,39.29,93,100,8.66,RU,1662743791
300,Howard Springs,-12.497,131.047,80.51,90,37,4.23,AU,1662743792
301,Skibbereen,51.55,-9.2667,65.1,76,19,11.18,IE,1662743794
302,Tessalit,20.1986,1.0114,103.41,8,1,11.16,ML,1662743796
303,Ilmajoki,62.7333,22.5667,52.36,77,0,3.44,FI,1662743798
304,Tegul'det,57.3064,88.1667,41.11,94,75,4.94,RU,1662743800
305,Russell,32.3502,-85.1999,79.88,78,40,9.22,US,1662743552
306,Laxou,48.6832,6.148,66.02,69,75,16.11,FR,1662743803
307,Diego de Almagro,-26.3667,-70.05,71.67,11,0,8.52,CL,1662743804
308,Uromi,6.7,6.3333,73.99,90,84,5.79,NG,1662743806
309,Alofi,-19.0595,-169.9187,71.49,88,11,8.05,NU,1662743808
310,Asău,46.4333,26.4,63.52,81,94,0.89,RO,1662743810
311,Nuuk,64.1835,-51.7216,54.21,62,20,12.66,GL,1662743811
312,Lindås,60.7381,5.16,62.73,67,95,6.96,NO,1662743813
313,Mandera,3.9366,41.867,87.67,34,83,12.08,KE,1662743815
314,Kondinskoye,59.6481,67.41,43.21,93,100,3.53,RU,1662743816
315,Puerto Baquerizo Moreno,-0.9,-89.6,70.79,78,75,16.11,EC,1662743818
316,Hualmay,-11.0964,-77.6139,65.7,67,25,11.01,PE,1662743819
317,Galveston,29.3669,-94.9669,88.16,70,40,6.91,US,1662743821
318,Rio Grande,-32.035,-52.0986,66.31,93,99,23.17,BR,1662743824
319,Paphos,34.7667,32.4167,82.18,61,0,9.22,CY,1662743825
320,Dunoon,55.947,-4.923,62.53,71,86,9.73,GB,1662743827
321,Bilibino,68.0546,166.4372,45.23,78,86,3.0,RU,1662743829
322,Tari,12.4086,4.4914,78.82,74,79,6.17,NG,1662743831
323,Nadym,65.5333,72.5167,38.73,60,70,9.51,RU,1662743833
324,Jinchang,38.4953,102.1739,69.19,26,0,6.8,CN,1662743835
325,Lagunas,-5.2269,-75.6753,98.37,34,18,2.71,PE,1662743837
326,Bilma,18.6853,12.9164,100.33,16,7,6.15,NE,1662743838
327,Saint-Augustin,51.226,-58.6502,67.06,52,82,8.99,CA,1662743840
328,Vila Velha,-20.3297,-40.2925,82.35,65,0,18.41,BR,1662743842
329,Hofn,64.2539,-15.2082,51.82,100,100,10.36,IS,1662743843
330,Omboué,-1.5746,9.2618,77.36,77,81,9.46,GA,1662743843
331,Laela,-8.5667,32.05,70.23,37,92,1.61,TZ,1662743846
332,Kashgar,39.4547,75.9797,79.81,21,38,8.95,CN,1662743848
333,Bandarbeyla,9.4942,50.8122,77.23,85,79,27.87,SO,1662743850
334,Poum,-20.2333,164.0167,74.32,76,36,9.78,NC,1662743851
335,Grand Gaube,-20.0064,57.6608,71.38,66,6,7.0,MU,1662743853
336,Quelimane,-17.8786,36.8883,71.4,76,27,6.17,MZ,1662743854
337,Tilichiki,60.4667,166.1,47.37,94,99,2.82,RU,1662743856
338,Buchanan,5.8808,-10.0467,80.44,70,31,10.38,LR,1662743858
339,Lancaster,40.2504,-76.2499,81.45,56,40,5.75,US,1662743208
340,Noumea,-22.2763,166.4572,73.99,99,100,4.36,NC,1662743631
341,Katangli,51.7102,143.2326,49.55,84,3,11.77,RU,1662743862
342,Isangel,-19.55,169.2667,74.08,89,100,12.3,VU,1662743864
343,Esperance,-33.8667,121.9,53.87,79,97,8.75,AU,1662743741
344,Jalu,29.0331,21.5482,88.74,29,3,10.09,LY,1662743867
345,Kaka,37.3482,59.6143,82.15,22,0,1.77,TM,1662743868
346,Mabaruma,8.2,-59.7833,90.54,50,45,6.62,GY,1662743870
347,Upernavik,72.7868,-56.1549,41.31,92,100,18.37,GL,1662743872
348,Gouré,13.9835,10.2704,89.65,42,50,7.78,NE,1662743873
349,Avera,33.194,-82.5271,80.55,65,98,15.3,US,1662743875
350,Solnechnyy,50.7214,136.6319,49.23,66,5,5.1,RU,1662743876
351,Te Anau,-45.4167,167.7167,36.3,92,75,1.34,NZ,1662743878
352,Micheweni,-4.9667,39.8333,74.19,85,83,11.7,TZ,1662743880
353,Kaitangata,-46.2817,169.8464,37.04,96,22,3.76,NZ,1662743881
354,Pendleton,45.6721,-118.7886,67.78,38,0,1.01,US,1662743883
355,Turukhansk,65.8167,87.9833,34.65,90,100,6.38,RU,1662743884
356,Zyryanka,65.75,150.85,44.33,85,100,1.52,RU,1662743886
357,Aksarka,66.5606,67.7975,40.46,78,100,9.75,RU,1662743888
358,Rodeo,38.033,-122.2669,94.51,59,0,4.0,US,1662743889
359,Campbellton,48.0075,-66.6727,68.45,52,2,1.3,CA,1662743891
360,Malayal,7.208,121.942,78.51,84,100,2.77,PH,1662743892
361,Souillac,-20.5167,57.5167,70.18,73,40,9.22,MU,1662743894
362,Santa María Visitación,14.7167,-91.3167,74.8,69,96,6.98,GT,1662743896
363,Kalmunai,7.4167,81.8167,80.74,73,91,7.05,LK,1662743898
364,Egvekinot,66.3167,-179.1667,33.04,81,0,1.28,RU,1662743899
365,High Prairie,55.4334,-116.4858,56.98,49,90,7.76,CA,1662743901
366,Tual,-5.6667,132.75,80.64,82,100,15.61,ID,1662743903
367,Dhār,22.6,75.3,76.84,87,97,5.3,IN,1662743904
368,Clyde River,70.4692,-68.5914,39.43,93,100,5.75,CA,1662743885
369,Nome,64.5011,-165.4064,48.27,81,100,6.91,US,1662743907
370,Yangi Marg`ilon,40.4272,71.7189,74.12,56,1,6.91,UZ,1662743909
371,Vaitape,-16.5167,-151.75,78.35,75,3,21.41,PF,1662743911
372,Dikson,73.5069,80.5464,36.68,83,100,6.78,RU,1662743913
373,Vanavara,60.34,102.2797,37.71,80,67,4.23,RU,1662743915
374,Yulara,-25.2406,130.9889,61.03,35,99,7.09,AU,1662743916
375,Lumphat,13.4878,106.9816,73.4,99,94,3.51,KH,1662743918
376,Iracoubo,5.4802,-53.2011,85.62,63,16,13.51,GF,1662743919
377,Nioro,13.35,-15.75,82.58,80,95,6.76,GM,1662743921
378,Leningradskiy,69.3833,178.4167,37.18,64,15,5.5,RU,1662743923
379,Impfondo,1.6381,18.0667,78.46,73,94,3.18,CG,1662743924
380,Hay River,60.8156,-115.7999,51.78,66,20,3.44,CA,1662743926
381,Tsiroanomandidy,-18.7667,46.0333,71.87,33,9,5.12,MG,1662743928
382,Byron Bay,-28.65,153.6167,53.56,75,49,7.07,AU,1662743798
383,Roebourne,-20.7833,117.1333,69.44,63,25,13.71,AU,1662743931
384,Tautira,-17.7333,-149.15,77.22,72,35,24.9,PF,1662743932
385,Gazalkent,41.5581,69.7708,73.02,29,20,4.56,UZ,1662743934
386,Swift Current,50.2834,-107.8014,54.41,58,20,14.97,CA,1662743786
387,Worland,44.0169,-107.9554,51.89,79,100,4.61,US,1662743937
388,Ilhabela,-23.7781,-45.3581,85.59,45,4,3.42,BR,1662743776
389,Turiaçu,-1.6633,-45.3717,88.7,50,23,9.35,BR,1662743940
390,Tuatapere,-46.1333,167.6833,37.81,94,68,3.51,NZ,1662743942
391,Bāglung,28.2719,83.5898,70.68,94,89,2.33,NP,1662743944
392,Kuala Terengganu,5.3302,103.1408,80.55,89,40,3.44,MY,1662743945
393,Martapura,-3.4167,114.85,73.49,100,100,2.3,ID,1662743947
394,Romny,50.751,33.4747,51.53,46,100,8.88,UA,1662743948
395,Hasaki,35.7333,140.8333,72.28,87,100,17.69,JP,1662743950
396,Sakakah,29.9697,40.2064,103.57,9,1,6.49,SA,1662743693
397,Banyo,6.75,11.8167,65.82,95,100,3.24,CM,1662743953
398,Kyabé,9.4515,18.9449,74.3,90,79,2.68,TD,1662743955
399,Yanaul,56.2719,54.9309,46.38,78,88,8.43,RU,1662743957
400,Killybegs,54.6333,-8.45,60.51,77,39,4.12,IE,1662743958
401,Bima,-8.4667,118.7167,75.0,94,54,3.36,ID,1662743960
402,Tigil',57.8,158.6667,46.72,92,100,6.53,RU,1662743962
403,Ekhabi,53.5102,142.9671,50.81,68,51,12.91,RU,1662743963
404,Maricá,-22.9194,-42.8186,94.95,53,6,8.16,BR,1662743965
405,Kaiyuan,23.6977,103.3037,65.28,94,100,2.37,CN,1662743967
406,Pangkalanbuun,-2.6833,111.6167,73.51,93,100,1.03,ID,1662743968
407,Umm Kaddadah,13.6017,26.6876,94.59,31,85,8.01,SD,1662743970
408,Warrnambool,-38.3833,142.4833,52.21,87,100,21.0,AU,1662743971
409,Shihezi,44.3,86.0333,74.62,25,3,4.27,CN,1662743973
410,Sumkino,58.1108,68.3244,43.54,94,95,1.9,RU,1662743975
411,Plouzané,48.3833,-4.6167,64.58,77,75,13.8,FR,1662743976
412,Deputatsky,69.3,139.9,36.23,97,100,1.97,RU,1662743978
413,Verkhnyaya Inta,65.9811,60.3094,38.64,97,100,12.82,RU,1662743980
414,Laas,46.6166,10.7002,58.37,92,99,3.44,IT,1662743981
415,Kumul,42.8,93.45,83.1,12,0,11.56,CN,1662743983
416,Sandwick,60.0,-1.25,55.22,88,20,14.97,GB,1662743985
417,Dondo,-19.6094,34.7431,68.58,77,0,7.11,MZ,1662743986
418,San Andrés,12.5847,-81.7006,87.82,70,20,5.75,CO,1662743774
419,Margate,51.3813,1.3862,66.9,87,62,3.0,GB,1662743757
420,Iporá,-16.4419,-51.1178,95.04,16,4,7.27,BR,1662743991
421,Kapoeta,4.7717,33.5903,84.63,44,74,4.92,SS,1662743993
422,Sioux Lookout,50.1001,-91.917,64.47,59,75,6.91,CA,1662743995
423,Vorontsovka,50.6132,40.3549,47.35,60,70,6.62,RU,1662743996
424,Puerto del Rosario,28.5004,-13.8627,78.55,73,20,20.71,ES,1662743998
425,Krasnyy Chikoy,50.3643,108.7512,57.13,80,57,3.22,RU,1662744000
426,Agüimes,27.9054,-15.4461,78.66,61,20,28.77,ES,1662744001
427,Fayaoué,-20.65,166.5333,75.07,81,100,11.48,NC,1662744003
428,Chifeng,42.2683,118.9636,65.7,58,94,1.05,CN,1662744005
429,Rosarito,32.3333,-117.0333,85.12,70,100,17.31,MX,1662743740
430,Elko,41.0002,-115.5012,68.65,12,0,8.99,US,1662744008
431,Kayerkan,69.3497,87.7602,37.53,100,100,6.17,RU,1662744010
432,Sola,-13.8833,167.55,79.84,76,41,20.6,VU,1662744011
433,Camacha,33.0833,-16.3333,76.42,69,20,9.22,PT,1662744013
434,Ucluelet,48.9329,-125.5528,66.51,78,1,1.72,CA,1662743729
435,Kentville,45.0835,-64.4988,77.13,58,43,6.91,CA,1662744016
436,Samarai,-10.6167,150.6667,80.1,83,50,9.19,PG,1662744018
437,Blairmore,49.6,-114.4353,48.38,81,94,1.16,CA,1662744019
438,Palembang,-2.9167,104.7458,75.29,94,75,3.44,ID,1662744021
439,Cairns,-16.9167,145.7667,72.07,92,75,4.61,AU,1662743916
440,Łęczyca,52.0596,19.1997,70.09,64,99,9.95,PL,1662744024
441,Qaqortoq,60.7167,-46.0333,49.78,62,59,4.85,GL,1662744026
442,Havøysund,70.9963,24.6622,48.43,96,100,24.25,NO,1662744028
443,Zhigansk,66.7697,123.3711,42.8,90,100,15.17,RU,1662744030
444,Miraflores,19.2167,-98.8083,69.03,51,93,3.74,MX,1662744031
445,Port Elizabeth,-33.918,25.5701,67.1,90,0,4.61,ZA,1662743817
446,La Ronge,55.1001,-105.2842,48.45,61,75,13.8,CA,1662744034
447,Ketchikan,55.3422,-131.6461,55.87,94,100,4.61,US,1662744036
448,Uyemskiy,64.4743,40.8524,50.05,93,40,4.47,RU,1662744037
449,Ostrovnoy,68.0531,39.5131,48.99,76,100,5.82,RU,1662744039
450,Jimeta,9.2833,12.4667,77.25,84,89,5.5,NG,1662744041
451,Río Gallegos,-51.6226,-69.2181,57.25,38,75,9.22,AR,1662744043
452,Arawa,-6.2132,155.5367,74.32,92,64,3.02,PG,1662744044
453,Rudnaya Pristan',44.3614,135.8116,55.45,61,1,6.89,RU,1662744046
454,Marsá Maţrūḩ,31.3525,27.2453,78.6,58,0,9.22,EG,1662744048
455,Mineiros,-17.5694,-52.5511,93.74,16,3,10.29,BR,1662744049
456,Yumen,40.2833,97.2,73.56,11,0,8.84,CN,1662744051
457,Pemangkat,1.1667,108.9667,75.58,81,100,2.77,ID,1662744052
458,Sobolevo,54.4299,31.8996,45.7,61,5,5.93,RU,1662744054
459,Khuzdar,27.7384,66.6434,82.76,46,0,4.5,PK,1662743982
460,Necochea,-38.5473,-58.7368,47.41,61,99,21.94,AR,1662744057
461,Chengzhong,30.95,113.55,69.91,59,61,7.7,CN,1662744059
462,Srandakan,-7.9386,110.2506,75.07,93,100,2.46,ID,1662744060
463,Ouadda,8.0777,22.4007,69.66,96,83,2.75,CF,1662744062
464,Sakaiminato,35.55,133.2333,76.98,73,75,14.97,JP,1662744064
465,Nsanje,-16.92,35.262,78.8,39,0,6.17,MW,1662744066
466,Northam,51.0333,-4.2167,63.39,91,77,17.43,GB,1662744067
467,St. George's,12.0564,-61.7485,87.48,70,20,18.41,GD,1662744037
468,Iqaluit,63.7506,-68.5145,47.7,87,100,25.99,CA,1662744070
469,Maltahöhe,-24.8333,16.9833,77.22,4,0,13.24,NA,1662744072
470,Husavik,66.0449,-17.3389,61.39,62,49,7.65,IS,1662744074
471,Sur,22.5667,59.5289,81.95,67,16,7.29,OM,1662744075
472,Gannan,47.9147,123.5031,63.82,62,0,11.03,CN,1662744077
473,San Ignacio,17.1561,-89.0714,82.54,78,75,0.0,BZ,1662744079
474,George,-33.963,22.4617,56.75,88,20,2.3,ZA,1662744081
475,San Rafael,-34.6177,-68.3301,56.8,19,1,7.52,AR,1662743872
476,Mustafakemalpaşa,40.0353,28.4117,73.45,51,0,2.98,TR,1662744084
477,Sakaraha,-22.9,44.5333,68.77,54,0,4.38,MG,1662744086
478,Shakawe,-18.3667,21.85,77.27,16,0,6.31,BW,1662744087
479,Beyla,8.6833,-8.6333,69.87,97,98,3.8,GN,1662744089
480,Terrace Bay,48.7834,-87.1,63.86,79,100,7.45,CA,1662744090
481,Port Lincoln,-34.7333,135.8667,55.13,68,95,8.86,AU,1662744092
482,Garoowe,8.4054,48.4845,86.79,36,88,18.72,SO,1662744093
483,Chililabombwe,-12.3648,27.8229,71.06,25,95,3.36,ZM,1662744095
484,Los Llanos de Aridane,28.6585,-17.9182,76.12,81,40,14.97,ES,1662744097
485,Huadian,42.9633,126.7478,61.39,91,3,2.86,CN,1662744098
486,San Jose,37.3394,-121.895,94.69,53,20,3.44,US,1662743974
487,Newport,51.5877,-2.9984,68.63,75,92,7.65,GB,1662743870
488,Haines Junction,60.7522,-137.5108,58.95,44,100,14.97,CA,1662744103
489,Yar-Sale,66.8333,70.8333,40.91,72,99,6.71,RU,1662744104
490,Monrovia,6.3005,-10.7969,76.77,71,34,10.16,LR,1662743910
491,Lavrentiya,65.5833,-171.0,42.93,72,86,8.16,RU,1662744107
492,Gondanglegi,-7.7479,112.0132,75.15,89,87,5.53,ID,1662744109
493,Qandala,11.472,49.8728,87.96,64,100,4.38,SO,1662744110
494,Big Rapids,43.6981,-85.4837,82.09,53,0,9.22,US,1662744112
495,Remanso,-9.6179,-42.0831,86.36,36,7,8.41,BR,1662744114
496,São Filipe,14.8961,-24.4956,79.86,81,14,7.43,CV,1662744115
497,Emba,48.8264,58.1442,54.79,76,100,4.41,KZ,1662744117
498,Kushmurun,52.4503,64.6311,53.94,47,90,5.26,KZ,1662744118
499,Kutum,14.2,24.6667,73.56,63,79,9.13,SD,1662744120
500,Nizhniy Odes,63.6445,54.856,40.8,99,100,4.94,RU,1662744122
501,Belém,-1.4558,-48.5044,87.84,66,40,9.22,BR,1662744123
502,Ladário,-19.0047,-57.6017,102.49,27,7,8.05,BR,1662744125
503,Savannah Bight,16.45,-85.85,83.16,77,100,5.53,HN,1662744126
504,Cockburn Town,21.4612,-71.1419,83.68,68,0,5.48,TC,1662744110
505,Ortona,42.3496,14.4039,81.84,78,12,3.44,IT,1662744129
506,Linxia Chengguanzhen,35.6003,103.2064,58.32,42,6,5.84,CN,1662744131
507,Sorong,-0.8833,131.25,79.92,81,100,5.12,ID,1662744133
508,Tomatlán,19.9333,-105.25,87.39,65,95,4.38,MX,1662744134
509,Iskateley,67.6803,53.1512,43.09,88,100,7.67,RU,1662744136
510,Itarantim,-15.6597,-40.0656,84.06,31,1,7.02,BR,1662744138
511,Am Timan,11.0297,20.2827,72.32,95,90,3.67,TD,1662744139
512,Viedma,-40.8135,-62.9967,54.93,28,6,12.48,AR,1662744029
513,Inírida,3.8653,-67.9239,92.88,47,24,3.42,CO,1662744142
514,Sungurlu,40.1675,34.3739,69.26,30,0,4.14,TR,1662744144
515,Mahina,-17.5065,-149.489,73.17,83,20,3.44,PF,1662744145
516,Thai Binh,20.45,106.3333,74.41,94,76,7.29,VN,1662744147
517,Borba,-4.3878,-59.5939,95.72,39,100,4.99,BR,1662744149
518,Mayumba,-3.432,10.6554,74.55,88,100,8.84,GA,1662744151
519,Mīnāb,27.1467,57.0801,88.12,58,1,2.3,IR,1662744153
520,Guarapari,-20.6667,-40.4975,78.89,58,2,20.51,BR,1662744043
521,Ilām,26.9167,87.9167,69.93,85,92,4.27,NP,1662744028
522,Lityn,49.3251,28.0809,54.07,81,100,14.74,UA,1662744157
523,Moura,38.1401,-7.4486,89.71,27,43,6.4,PT,1662744159
524,Beyneu,45.3167,55.2,74.08,31,55,15.55,KZ,1662744161
525,Socorro,31.6546,-106.3033,88.48,31,75,11.5,US,1662744120
526,Derzhavīnsk,51.1,66.3167,56.21,36,100,4.43,KZ,1662744164
527,Bosaso,11.2842,49.1816,90.23,56,99,5.66,SO,1662744165
528,Kulhudhuffushi,6.6221,73.07,80.4,84,21,15.35,MV,1662744167
529,Toora-Khem,52.4675,96.11,38.07,96,12,0.74,RU,1662744168
530,Calvinia,-31.4707,19.776,63.75,31,0,6.17,ZA,1662744170
531,Talcahuano,-36.7167,-73.1167,56.88,44,0,18.41,CL,1662744172
532,Faro,37.0194,-7.9322,85.17,73,0,11.5,PT,1662744173
533,Riyadh,24.6877,46.7219,100.54,12,0,8.39,SA,1662744175
534,Luang Prabang,19.8856,102.1347,73.67,98,100,1.3,LA,1662744177
535,Bairiki Village,1.3292,172.9752,80.6,78,20,9.22,KI,1662744178
536,Ahipara,-35.1667,173.1667,49.46,86,10,2.73,NZ,1662744180
